,full_name,last_name,first_name,race,gender
0,"ABERCROMBIE, Neil",abercrombie,neil,,male
1,"ABRAHAM, Ralph",abraham,ralph,,male
2,"ACEVEDO-VILA, Anibal",acevedovila,anibal,hispanic,male
3,"ACKERMAN, Gary Leonard",ackerman,gary,,male
4,"ADAMS, Alma",adams,alma,black,female
5,"ADAMS, Sandra (Sandy)",adams,sandra,,female
6,"ADERHOLT, Robert",aderholt,robert,,male
7,"ADLER, John H.",adler,john,,male
8,"AGUILAR, Peter Rey",aguilar,peter,hispanic,male
9,"AKIN, W. Todd",akin,todd,,male
10,"ALEXANDER, Rodney",alexander,rodney,,male
11,"ALLEN, Rick W.",allen,rick,,male
12,"ALLEN, Thomas H.",allen,thomas,,male
13,"ALLRED, Colin",allred,colin,black,male
14,"ALTMIRE, Jason",altmire,jason,,male
15,"AMASH, Justin",amash,justin,,male
16,"AMODEI, Mark E.",amodei,mark,,male
17,"ANDREWS, Robert Ernest",andrews,robert,,male
18,"ARCHER, William Reynolds, Jr.",archer,william,,male
19,"ARCURI, Michael",arcuri,michael,,male
20,"ARMEY, Richard Keith",armey,richard,,male
21,"ARMSTRONG, Kelly",armstrong,kelly,,male
22,"ARRINGTON, Jodey Cook",arrington,jodey,,male
23,"ASHFORD, John Bradley",ashford,john,,male
24,"AUCHINCLOSS, Jake",auchincloss,jake,,male
25,"AUSTRIA, Steve",austria,steve,api,male
26,"AXNE, Cynthia",axne,cynthia,,female
27,"BABIN, Brian",babin,brian,,male
28,"BACA, Joe",baca,joe,hispanic,male
29,"BACHMANN, Michele",bachmann,michele,,female
30,"BACHUS, Spencer T., III",bachus,spencer,,male
31,"BACON, Donald J.",bacon,donald,,male
32,"BAIRD, Brian",baird,brian,,male
33,"BAIRD, James",baird,james,,male
34,"BAKER, Richard Hugh",baker,richard,,male
35,"BALDACCI, John Elias",baldacci,john,,male
36,"BALDERSON, Troy",balderson,troy,,male
37,"BALDWIN, Tammy",baldwin,tammy,,female
38,"BALLANCE, Frank W., Jr.",ballance,frank,black,male
39,"BALLENGER, Cass",ballenger,cass,,male
40,"BANKS, James E.",banks,james,,male
41,"BARBER, Ron",barber,ron,,male
42,"BARCIA, James A.",barcia,james,,male
43,"BARLETTA, Lou",barletta,lou,,male
44,"BARR, Bob",barr,bob,,male
45,"BARR, Garland H. (Andy), IV",barr,garland,,male
46,"BARRAGAN, Nanette",barragan,nanette,hispanic,female
47,"BARRETT, James Gresham",barrett,james,,male
48,"BARRETT, Thomas M.",barrett,thomas,,male
49,"BARRETT, William E.",barrett,william,,male
50,"BARROW, John",barrow,john,,male
51,"BARTLETT, Roscoe Gardner",bartlett,roscoe,,male
52,"BARTON, Joe Linus",barton,joe,,male
53,"BASS, Charles Foster",bass,charles,,male
54,"BASS, Karen",bass,karen,black,female
55,"BATEMAN, Herbert Harvell",bateman,herbert,,male
56,"BEAN, Melissa L.",bean,melissa,,female
57,"BEATTY, Joyce",beatty,joyce,black,female
58,"BEAUPREZ, Bob",beauprez,bob,,male
59,"BECERRA, Xavier",becerra,xavier,hispanic,male
60,"BELL, Chris",bell,chris,,male
61,"BENISHEK, Dan",benishek,dan,,male
62,"BENTIVOLIO, Kerry",bentivolio,kerry,,male
63,"BENTSEN, Kenneth E., Jr.",bentsen,kenneth,,male
64,"BENTZ, Cliff",bentz,cliff,,male
65,"BERA, Ami",bera,ami,api,male
66,"BEREUTER, Douglas Kent",bereuter,douglas,,male
67,"BERG, Rick",berg,rick,,male
68,"BERGMAN, John",bergman,john,,male
69,"BERKLEY, Shelley",berkley,shelley,,female
70,"BERMAN, Howard Lawrence",berman,howard,,male
71,"BERRY, Robert Marion",berry,robert,,male
72,"BEYER, Donald Sternoff, Jr.",beyer,donald,,male
73,"BICE, Stephanie I.",bice,stephanie,,female
74,"BIGGERT, Judy Borg",biggert,judy,,female
75,"BIGGS, Andrew S.",biggs,andrew,,male
76,"BILBRAY, Brian P.",bilbray,brian,,male
77,"BILIRAKIS, Gus",bilirakis,gus,,male
78,"BILIRAKIS, Michael",bilirakis,michael,,male
79,"BISHOP, Dan",bishop,dan,,male
80,"BISHOP, Michael Dean",bishop,michael,,male
81,"BISHOP, Robert (Rob)",bishop,robert,,male
82,"BISHOP, Sanford Dixon, Jr.",bishop,sanford,black,male
83,"BISHOP, Timothy H.",bishop,timothy,,male
84,"BLACK, Diane",black,diane,,female
85,"BLACKBURN, Marsha",blackburn,marsha,,female
86,"BLAGOJEVICH, Rod R.",blagojevich,rod,,male
87,"BLILEY, Thomas Jerome, Jr.",bliley,thomas,,male
88,"BLUM, Rod",blum,rod,,male
89,"BLUMENAUER, Earl",blumenauer,earl,,male
90,"BLUNT, Roy",blunt,roy,,male
91,"BLUNT ROCHESTER, Lisa",blunt,lisa,black,female
92,"BOCCIERI, John A.",boccieri,john,,male
93,"BOEBERT, Lauren",boebert,lauren,,female
94,"BOEHLERT, Sherwood Louis",boehlert,sherwood,,male
95,"BOEHNER, John Andrew",boehner,john,,male
96,"BONAMICI, Suzanne",bonamici,suzanne,,female
97,"BONILLA, Henry",bonilla,henry,hispanic,male
98,"BONIOR, David Edward",bonior,david,,male
99,"BONNER, JR., Josiah Robins (Jo)",bonner,josiah,,male
100,"BONO, Mary",bono,mary,,female
101,"BOOZMAN, John",boozman,john,,male
102,"BORDALLO, Madeleine",bordallo,madeleine,,female
103,"BOREN, Daniel David",boren,daniel,,male
104,"BORSKI, Robert Anthony, Jr.",borski,robert,,male
105,"BOST, Mike",bost,mike,,male
106,"BOSWELL, Leonard L.",boswell,leonard,,male
107,"BOUCHER, Frederick C.",boucher,frederick,,male
108,"BOURDEAUX, Carolyn",bourdeaux,carolyn,,female
109,"BOUSTANY, Charles W.",boustany,charles,,male
110,"BOWMAN, Jamaal",bowman,jamaal,black,male
111,"BOYD, F. Allen, Jr.",boyd,allen,,male
112,"BOYDA, Nancy",boyda,nancy,,female
113,"BOYLE, Brendan Francis",boyle,brendan,,male
114,"BRADLEY, Jeb",bradley,jeb,,male
115,"BRADY, Kevin Patrick",brady,kevin,,male
116,"BRADY, Robert A.",brady,robert,,male
117,"BRALEY, Bruce",braley,bruce,,male
118,"BRAT, David A.",brat,david,,male
119,"BRIDENSTINE, Jim",bridenstine,jim,,male
120,"BRIGHT, Bobby Neal, Sr.",bright,bobby,,male
121,"BRINDISI, Anthony",brindisi,anthony,,male
122,"BROOKS, Mo",brooks,mo,,male
123,"BROOKS, Susan",brooks,susan,,female
124,"BROUN, Paul C., Jr.",broun,paul,,male
125,"BROWN, Anthony Gregory",brown,anthony,black,male
126,"BROWN, Corrine",brown,corrine,black,female
127,"BROWN, George Edward, Jr.",brown,george,,male
128,"BROWN, Henry Edward, Jr.",brown,henry,,male
129,"BROWN, Sherrod",brown,sherrod,,male
130,"BROWNLEY, Julia",brownley,julia,,female
131,"BROWN-WAITE, Virginia (Ginny)",brown,virginia,,female
132,"BRYANT, Ed",bryant,ed,,male
133,"BUCHANAN, Vernon G.",buchanan,vernon,,male
134,"BUCK, Kenneth Robert",buck,kenneth,,male
135,"BUCSHON, Larry",bucshon,larry,,male
136,"BUDD, Theodore Paul",budd,theodore,,male
137,"BUERKLE, Ann Marie",buerkle,ann,,female
138,"BURCHETT, Timothy",burchett,timothy,,male
139,"BURGESS, Michael C.",burgess,michael,,male
140,"BURNS, Max",burns,max,,male
141,"BURR, Richard M.",burr,richard,,male
142,"BURTON, Danny Lee",burton,danny,,male
143,"BUSH, Cori",bush,cori,black,female
144,"BUSTOS, Cheri",bustos,cheri,,female
145,"BUTTERFIELD, George Kenneth (G.K.), Jr.",butterfield,george,black,male
146,"BUYER, Stephen Earle",buyer,stephen,,male
147,"BYRNE, Bradley",byrne,bradley,,male
148,"CALLAHAN, Herbert Leon (Sonny)",callahan,herbert,,male
149,"CALVERT, Ken",calvert,ken,,male
150,"CAMMACK, Kat",cammack,kat,,female
151,"CAMP, David Lee",camp,david,,male
152,"CAMPBELL, John (of California)",campbell,john,,male
153,"CAMPBELL, Thomas J.",campbell,thomas,,male
154,"CANADY, Charles Terrance",canady,charles,,male
155,"CANNON, Christopher B.",cannon,christopher,,male
156,"CANSECO, Francisco Raul (Quico)",canseco,francisco,hispanic,male
157,"CANTOR, Eric",cantor,eric,,male
158,"CAO, Anh (Joseph)",cao,anh,api,male
159,"CAPITO, Shelley Moore",capito,shelley,,female
160,"CAPPS, Lois",capps,lois,,female
161,"CAPUANO, Michael Everett",capuano,michael,,male
162,"CARBAJAL, Salud",carbajal,salud,hispanic,male
163,"CARDENAS, Tony",cardenas,tony,hispanic,male
164,"CARDIN, Benjamin Louis",cardin,benjamin,,male
165,"CARDOZA, Dennis A.",cardoza,dennis,hispanic,male
166,"CARL, Jerry L.",carl,jerry,,male
167,"CARNAHAN, Russ",carnahan,russ,,male
168,"CARNEY, Chris",carney,chris,,male
169,"CARNEY, John C., Jr.",carney,john,,male
170,"CARSON, Andre",carson,andre,black,male
171,"CARSON, Brad",carson,brad,,male
172,"CARSON, Julia May",carson,julia,black,female
173,"CARTER, Buddy",carter,buddy,,male
174,"CARTER, John R.",carter,john,,male
175,"CARTWRIGHT, Matt",cartwright,matt,,male
176,"CASE, Ed",case,ed,,male
177,"CASSIDY, Bill",cassidy,bill,,male
178,"CASTEN, Sean",casten,sean,,male
179,"CASTLE, Michael Newbold",castle,michael,,male
180,"CASTOR, Kathy",castor,kathy,,female
181,"CASTRO, Joaquin",castro,joaquin,hispanic,male
182,"CAWTHORN, Madison",cawthorn,madison,,male
183,"CAZAYOUX, Donald J., Jr.",cazayoux,donald,,male
184,"CHABOT, Steve",chabot,steve,,male
185,"CHAFFETZ, Jason",chaffetz,jason,,male
186,"CHAMBLISS, Saxby",chambliss,saxby,,male
187,"CHANDLER, A. B. (Ben)",chandler,ben,,male
188,"CHENEY, Liz",cheney,liz,,female
189,"CHENOWETH-HAGE, Helen P.",chenoweth,helen,,female
190,"CHILDERS, Travis W.",childers,travis,,male
191,"CHOCOLA, Chris",chocola,chris,,male
192,"CHRISTENSEN, Donna Marie",christensen,donna,black,female
193,"CHU, Judy",chu,judy,api,female
194,"CICILLINE, David N.",cicilline,david,,male
195,"CISNEROS, Gil",cisneros,gil,hispanic,male
196,"CLARK, Katherine M.",clark,katherine,,female
197,"CLARKE, Hansen",clarke,hansen,,male
198,"CLARKE, Yvette Diane",clarke,yvette,black,female
199,"CLAWSON, Curt",clawson,curt,,male
200,"CLAY, William Lacy, Jr.",clay,william,black,male
201,"CLAY, William Lacy, Sr.",clay,william,black,male
202,"CLAYTON, Eva M.",clayton,eva,black,female
203,"CLEAVER, Emanuel, II",cleaver,emanuel,black,male
204,"CLEMENT, Robert Nelson",clement,robert,,male
205,"CLINE, Benjamin",cline,benjamin,,male
206,"CLOUD, Michael",cloud,michael,,male
207,"CLYBURN, James Enos",clyburn,james,black,male
208,"CLYDE, Andrew S.",clyde,andrew,,male
209,"COBLE, Howard",coble,howard,,male
210,"COBURN, Thomas Allen",coburn,thomas,,male
211,"COFFMAN, Mike",coffman,mike,,male
212,"COHEN, Stephen",cohen,stephen,,male
213,"COLE, Tom",cole,tom,,male
214,"COLLINS, Chris",collins,chris,,male
215,"COLLINS, Doug",collins,doug,,male
216,"COLLINS, Michael Allen (Mac)",collins,michael,,male
217,"COMBEST, Larry Ed",combest,larry,,male
218,"COMER, James",comer,james,,male
219,"COMSTOCK, Barbara J.",comstock,barbara,,female
220,"CONAWAY, K. Michael",conaway,michael,,male
221,"CONDIT, Gary Adrian",condit,gary,,male
222,"CONNOLLY, Gerald E. (Gerry)",connolly,gerald,,male
223,"CONYERS, John, Jr.",conyers,john,black,male
224,"COOK, Merrill",cook,merrill,,male
225,"COOK, Paul",cook,paul,,male
226,"COOKSEY, John",cooksey,john,,male
227,"COOPER, James Hayes Shofner",cooper,james,,male
228,"CORREA, Jose Luis",correa,jose,hispanic,male
229,"COSTA, Jim",costa,jim,hispanic,male
230,"COSTELLO, Jerry Francis",costello,jerry,,male
231,"COSTELLO, Ryan",costello,ryan,,male
232,"COTTON, Tom",cotton,tom,,male
233,"COURTNEY, Joe",courtney,joe,,male
234,"COX, Charles Christopher",cox,charles,,male
235,"COX, TJ",cox,tj,api,male
236,"COYNE, William Joseph",coyne,william,,male
237,"CRAIG, Angela",craig,angela,,female
238,"CRAMER, Kevin",cramer,kevin,,male
239,"CRAMER, Robert E. (Bud), Jr.",cramer,robert,,male
240,"CRANE, Philip Miller",crane,philip,,male
241,"CRAVAACK, Chip",cravaack,chip,,male
242,"CRAWFORD, Rick",crawford,rick,,male
243,"CRENSHAW, Ander",crenshaw,ander,,male
244,"CRENSHAW, Daniel",crenshaw,daniel,,male
245,"CRIST, Charlie Joseph, Jr.",crist,charlie,,male
246,"CRITZ, Mark S.",critz,mark,,male
247,"CROW, Jason",crow,jason,,male
248,"CROWLEY, Joseph",crowley,joseph,,male
249,"CUBIN, Barbara L.",cubin,barbara,,female
250,"CUELLAR, Henry",cuellar,henry,hispanic,male
251,"CULBERSON, John",culberson,john,,male
252,"CUMMINGS, Elijah Eugene",cummings,elijah,black,male
253,"CUNNINGHAM, Joe",cunningham,joe,,male
254,"CUNNINGHAM, Randall (Duke)",cunningham,randall,,male
255,"CURBELO, Carlos",curbelo,carlos,hispanic,male
256,"CURSON, David Alan",curson,david,,male
257,"CURTIS, John R.",curtis,john,,male
258,"DAHLKEMPER, Kathleen A. (Kathy)",dahlkemper,kathleen,,female
259,"DAINES, Steve",daines,steve,,male
260,"DANNER, Patsy Ann (Pat)",danner,patsy,,female
261,"DAVIDS, Sharice",davids,sharice,,female
262,"DAVIDSON, Warren",davidson,warren,,male
263,"DAVIS, Artur",davis,artur,black,male
264,"DAVIS, Danny K.",davis,danny,black,male
265,"DAVIS, David",davis,david,,male
266,"DAVIS, Geoffrey C. (Geoff)",davis,geoffrey,,male
267,"DAVIS, Jim",davis,jim,,male
268,"DAVIS, Jo Ann",davis,jo,,female
269,"DAVIS, Lincoln",davis,lincoln,,male
270,"DAVIS, Rodney",davis,rodney,,male
271,"DAVIS, Susan A.",davis,susan,,female
272,"DAVIS, Thomas M., III",davis,thomas,,male
273,"DEAL, John Nathan",deal,john,,male
274,"DEAN, Madeleine",dean,madeleine,,female
275,"DEFAZIO, Peter Anthony",defazio,peter,,male
276,"DEGETTE, Diana",degette,diana,,female
277,"DELAHUNT, Bill",delahunt,bill,,male
278,"DELANEY, John",delaney,john,,male
279,"DELAURO, Rosa L.",delauro,rosa,,female
280,"DELAY, Thomas Dale",delay,thomas,,male
281,"DELBENE, Suzan K.",delbene,suzan,,female
282,"DELGADO, Antonio",delgado,antonio,,male
283,"DEMINGS, Valdez",demings,valdez,black,female
284,"DEMINT, James W.",demint,james,,male
285,"DENHAM, Jeff",denham,jeff,,male
286,"DENT, Charles W.",dent,charles,,male
287,"DESANTIS, Ron",desantis,ron,,male
288,"DESAULNIER, Mark James",desaulnier,mark,,male
289,"DESJARLAIS, Scott",desjarlais,scott,,male
290,"DEUTCH, Theodore E. (Ted)",deutch,theodore,,male
291,"DEUTSCH, Peter R.",deutsch,peter,,male
292,"DIAZ-BALART, Lincoln",diazbalart,lincoln,hispanic,male
293,"DIAZ-BALART, Mario",diazbalart,mario,hispanic,male
294,"DICKEY, Jay W., Jr.",dickey,jay,,male
295,"DICKS, Norman DeValois",dicks,norman,,male
296,"DINGELL, Debbie",dingell,debbie,,female
297,"DINGELL, John David, Jr.",dingell,john,,male
298,"DIXON, Julian Carey",dixon,julian,black,male
299,"DJOU, Charles",djou,charles,api,male
300,"DOGGETT, Lloyd Alton, II",doggett,lloyd,,male
301,"DOLD, Robert",dold,robert,,male
302,"DONALDS, Byron",donalds,byron,black,male
303,"DONNELLY, Joe",donnelly,joe,,male
304,"DONOVAN, Daniel M., Jr.",donovan,daniel,,male
305,"DOOLEY, Calvin M.",dooley,calvin,,male
306,"DOOLITTLE, John Taylor",doolittle,john,,male
307,"DOYLE, Michael F.",doyle,michael,,male
308,"DRAKE, Thelma D.",drake,thelma,,female
309,"DREIER, David Timothy",dreier,david,,male
310,"DRIEHAUS, Steve",driehaus,steve,,male
311,"DUCKWORTH, Tammy",duckworth,tammy,api,female
312,"DUFFY, Sean",duffy,sean,,male
313,"DUNCAN, Jeff",duncan,jeff,,male
314,"DUNCAN, John J., Jr.",duncan,john,,male
315,"DUNN, Jennifer Blackburn",dunn,jennifer,,female
316,"DUNN, Neal Patrick",dunn,neal,,male
317,"EDWARDS, Donna F.",edwards,donna,black,female
318,"EDWARDS, Thomas Chester (Chet)",edwards,thomas,,male
319,"EHLERS, Vernon James",ehlers,vernon,,male
320,"EHRLICH, Robert L., Jr.",ehrlich,robert,,male
321,"ELLISON, Keith",ellison,keith,black,male
322,"ELLMERS, Renee",ellmers,renee,,female
323,"ELLSWORTH, Brad",ellsworth,brad,,male
324,"EMANUEL, Rahm",emanuel,rahm,,male
325,"EMERSON, Jo Ann",emerson,jo,,female
326,"EMMER, Thomas Earl, II",emmer,thomas,,male
327,"ENGEL, Eliot Lance",engel,eliot,,male
328,"ENGLISH, Philip Sheridan",english,philip,,male
329,"ENYART, Bill",enyart,bill,,male
330,"ESCOBAR, Veronica",escobar,veronica,hispanic,female
331,"ESHOO, Anna Georges",eshoo,anna,,female
332,"ESPAILLAT, Adriano J.",espaillat,adriano,hispanic,male
333,"ESTES, Ron",estes,ron,,male
334,"ESTY, Elizabeth",esty,elizabeth,,female
335,"ETHERIDGE, Bobby R.",etheridge,bobby,,male
336,"EVANS, Dwight",evans,dwight,black,male
337,"EVANS, Lane Allen",evans,lane,,male
338,"EVERETT, Robert Terry",everett,robert,,male
339,"EWING, Thomas W.",ewing,thomas,,male
340,"FALEOMAVAEGA, Eni F. H.",faleomavaega,eni,api,male
341,"FALLIN, Mary",fallin,mary,,female
342,"FALLON, Pat",fallon,pat,,male
343,"FARENTHOLD, Blake",farenthold,blake,,male
344,"FARR, Sam",farr,sam,,male
345,"FASO, John J.",faso,john,,male
346,"FATTAH, Chaka",fattah,chaka,black,male
347,"FEENEY, Tom",feeney,tom,,male
348,"FEENSTRA, Randy",feenstra,randy,,male
349,"FERGUSON, Anderson Drew, IV",ferguson,anderson,,male
350,"FERGUSON, Michael",ferguson,michael,,male
351,"FILNER, Bob",filner,bob,,male
352,"FINCHER, Stephen Lee",fincher,stephen,,male
353,"FINKENAUER, Abby",finkenauer,abby,,female
354,"FISCHBACH, Michelle",fischbach,michelle,,female
355,"FITZGERALD, Scott",fitzgerald,scott,,male
356,"FITZPATRICK, Brian K.",fitzpatrick,brian,,male
357,"FITZPATRICK, Michael G.",fitzpatrick,michael,,male
358,"FLAKE, Jeff",flake,jeff,,male
359,"FLEISCHMANN, Chuck",fleischmann,chuck,,male
360,"FLEMING, John",fleming,john,,male
361,"FLETCHER, Elizabeth Pannill",fletcher,elizabeth,,female
362,"FLETCHER, Ernest L.",fletcher,ernest,,male
363,"FLORES, Bill",flores,bill,hispanic,male
364,"FOLEY, Mark A.",foley,mark,,male
365,"FORBES, J. Randy",forbes,randy,,male
366,"FORBES, Michael Patrick",forbes,michael,,male
367,"FORD, Harold, Jr.",ford,harold,black,male
368,"FORTENBERRY, Jeff",fortenberry,jeff,,male
369,"FORTUNO, Luis G.",fortuno,luis,hispanic,male
370,"FOSSELLA, Vito John",fossella,vito,,male
371,"FOSTER, Bill",foster,bill,,male
372,"FOWLER, Tillie Kidd",fowler,tillie,,female
373,"FOXX, Virginia Ann",foxx,virginia,,female
374,"FRANK, Barney",frank,barney,,male
375,"FRANKEL, Lois",frankel,lois,,female
376,"FRANKLIN, C. Scott",franklin,scott,,male
377,"FRANKS, Robert Douglas",franks,robert,,male
378,"FRANKS, Trent",franks,trent,,male
379,"FRELINGHUYSEN, Rodney P.",frelinghuysen,rodney,,male
380,"FROST, Jonas Martin",frost,jonas,,male
381,"FUDGE, Marcia L.",fudge,marcia,black,female
382,"FULCHER, Russell",fulcher,russell,,male
383,"GABBARD, Tulsi",gabbard,tulsi,api,female
384,"GAETZ, Matthew L., II",gaetz,matthew,,male
385,"GALLAGHER, Michael",gallagher,michael,,male
386,"GALLEGLY, Elton W.",gallegly,elton,,male
387,"GALLEGO, Pete P.",gallego,pete,hispanic,male
388,"GALLEGO, Ruben",gallego,ruben,hispanic,male
389,"GANSKE, Greg",ganske,greg,,male
390,"GARAMENDI, John",garamendi,john,,male
391,"GARBARINO, Andrew R.",garbarino,andrew,,male
392,"GARCIA, Joe",garcia,joe,hispanic,male
393,"GARCIA, Mike",garcia,mike,,male
394,"GARCIA, Sylvia",garcia,sylvia,hispanic,female
395,"GARCIA, Jesus",garcia,jesus,hispanic,male
396,"GARDNER, Cory",gardner,cory,,male
397,"GARRETT, Scott",garrett,scott,,male
398,"GARRETT, Thomas Alexander, Jr.",garrett,thomas,,male
399,"GEJDENSON, Samuel",gejdenson,samuel,,male
400,"GEKAS, George William",gekas,george,,male
401,"GEPHARDT, Richard Andrew",gephardt,richard,,male
402,"GERLACH, Jim",gerlach,jim,,male
403,"GIANFORTE, Greg",gianforte,greg,,male
404,"GIBBONS, James A.",gibbons,james,,male
405,"GIBBS, Bob",gibbs,bob,,male
406,"GIBSON, Christopher",gibson,christopher,,male
407,"GIFFORDS, Gabrielle",giffords,gabrielle,,female
408,"GILCHREST, Wayne Thomas",gilchrest,wayne,,male
409,"GILLIBRAND, Kirsten",gillibrand,kirsten,,female
410,"GILLMOR, Paul Eugene",gillmor,paul,,male
411,"GILMAN, Benjamin Arthur",gilman,benjamin,,male
412,"GIMENEZ, Carlos A.",gimenez,carlos,hispanic,male
413,"GINGREY, Phil",gingrey,phil,,male
414,"GOHMERT, Louie",gohmert,louie,,male
415,"GOLDEN, Jared",golden,jared,,male
416,"GOMEZ, Jimmy",gomez,jimmy,hispanic,male
417,"GONZALES, Tony",gonzales,tony,hispanic,male
418,"GONZALEZ, Anthony",gonzalez,anthony,hispanic,male
419,"GONZALEZ, Charles A.",gonzalez,charles,hispanic,male
420,"GONZALEZ, Vicente, Jr.",gonzalez,vicente,hispanic,male
421,"GONZALEZ-COLON, Jenniffer",gonzalez,jenniffer,hispanic,female
422,"GOOD, Bob",good,bob,,male
423,"GOODE, Virgil H., Jr.",goode,virgil,,male
424,"GOODEN, Lance",gooden,lance,,male
425,"GOODLATTE, Robert William",goodlatte,robert,,male
426,"GOODLING, William Franklin",goodling,william,,male
427,"GORDON, Barton Jennings",gordon,barton,,male
428,"GOSAR, Paul",gosar,paul,,male
429,"GOSS, Porter J.",goss,porter,,male
430,"GOTTHEIMER, Josh S.",gottheimer,josh,,male
431,"GOWDY, Trey",gowdy,trey,,male
432,"GRAHAM, Gwendolyn (Gwen)",graham,gwendolyn,,female
433,"GRAHAM, Lindsey O.",graham,lindsey,,male
434,"GRANGER, Kay",granger,kay,,female
435,"GRAVES, Garret",graves,garret,,male
436,"GRAVES, Samuel",graves,samuel,,male
437,"GRAVES, Tom",graves,tom,,male
438,"GRAYSON, Alan",grayson,alan,,male
439,"GREEN, Al",green,al,black,male
440,"GREEN, Mark",green,mark,,male
441,"GREEN, Mark",green,mark,,male
442,"GREEN, Raymond Eugene (Gene)",green,raymond,,male
443,"GREENE, Marjorie Taylor",greene,marjorie,,female
444,"GREENWOOD, James Charles",greenwood,james,,male
445,"GRIFFIN, Tim",griffin,tim,,male
446,"GRIFFITH, H. Morgan",griffith,morgan,,male
447,"GRIFFITH, Parker",griffith,parker,,male
448,"GRIJALVA, Raul M.",grijalva,raul,hispanic,male
449,"GRIMM, Michael G.",grimm,michael,,male
450,"GROTHMAN, Glenn",grothman,glenn,,male
451,"GRUCCI, JR., Felix J.",grucci,felix,,male
452,"GUEST, Michael",guest,michael,,male
453,"GUINTA, Frank",guinta,frank,,male
454,"GUTHRIE, Brett",guthrie,brett,,male
455,"GUTIERREZ, Luis V.",gutierrez,luis,hispanic,male
456,"GUTKNECHT, Gilbert W.",gutknecht,gilbert,,male
457,"HAALAND, Debra",haaland,debra,,female
458,"HAGEDORN, Jim",hagedorn,jim,,male
459,"HAHN, Janice",hahn,janice,,female
460,"HALL, John",hall,john,,male
461,"HALL, Kwanza",hall,kwanza,black,male
462,"HALL, Ralph Moody",hall,ralph,,male
463,"HALL, Tony Patrick",hall,tony,,male
464,"HALVORSON, Deborah L.",halvorson,deborah,,female
465,"HANABUSA, Colleen",hanabusa,colleen,api,female
466,"HANDEL, Karen",handel,karen,,female
467,"HANNA, Richard",hanna,richard,,male
468,"HANSEN, James Vear",hansen,james,,male
469,"HARDER, Josh",harder,josh,,male
470,"HARDY, Cresent Leo",hardy,cresent,,male
471,"HARE, Phil",hare,phil,,male
472,"HARMAN, Jane L.",harman,jane,,female
473,"HARPER, Gregg",harper,gregg,,male
474,"HARRIS, Andy",harris,andy,,male
475,"HARRIS, Katherine",harris,katherine,,female
476,"HARSHBARGER, Diana",harshbarger,diana,,female
477,"HART, Melissa A.",hart,melissa,,female
478,"HARTZLER, Vicky",hartzler,vicky,,female
479,"HASTERT, John Dennis",hastert,john,,male
480,"HASTINGS, Alcee Lamar",hastings,alcee,black,male
481,"HASTINGS, Richard Norman (Doc)",hastings,richard,,male
482,"HAYES, Jahana",hayes,jahana,black,female
483,"HAYES, Robert (Robin)",hayes,robert,,male
484,"HAYWORTH, John D., Jr.",hayworth,john,,male
485,"HAYWORTH, Nan",hayworth,nan,,female
486,"HECK, Denny",heck,denny,,male
487,"HECK, Joe",heck,joe,,male
488,"HEFLEY, Joel M.",hefley,joel,,male
489,"HEINRICH, Martin",heinrich,martin,,male
490,"HELLER, Dean",heller,dean,,male
491,"HENSARLING, Jeb",hensarling,jeb,,male
492,"HERGER, Walter William (Wally)",herger,walter,,male
493,"HERN, Kevin",hern,kevin,,male
494,"HERRELL, Yvette",herrell,yvette,,female
495,"HERRERA BEUTLER, Jaime",herrera,jaime,hispanic,female
496,"HERSETH SANDLIN, Stephanie",herseth,stephanie,,female
497,"HICE, Jody Brownlow",hice,jody,,male
498,"HIGGINS, Brian",higgins,brian,,male
499,"HIGGINS, Clay",higgins,clay,,male
500,"HILL, Baron P.",hill,baron,,male
501,"HILL, French",hill,french,,male
502,"HILL, Katie",hill,katie,,female
503,"HILL, Rick",hill,rick,,male
504,"HILLEARY, Van",hilleary,van,,male
505,"HILLIARD, Earl Frederick",hilliard,earl,black,male
506,"HIMES, James A.",himes,james,,male
507,"HINCHEY, Maurice Dunlea",hinchey,maurice,,male
508,"HINOJOSA, Ruben",hinojosa,ruben,hispanic,male
509,"HINSON, Ashley",hinson,ashley,,female
510,"HIRONO, Mazie",hirono,mazie,api,female
511,"HOBSON, David Lee",hobson,david,,male
512,"HOCHUL, Kathleen C.",hochul,kathleen,,female
513,"HODES, Paul",hodes,paul,,male
514,"HOEFFEL, Joseph M.",hoeffel,joseph,,male
515,"HOEKSTRA, Peter",hoekstra,peter,,male
516,"HOLDEN, Thomas Timothy (Tim)",holden,thomas,,male
517,"HOLDING, George E.B.",holding,george,,male
518,"HOLLINGSWORTH, Joseph Albert (Trey), III",hollingsworth,joseph,,male
519,"HOLT, Rush",holt,rush,,male
520,"HONDA, Mike",honda,mike,api,male
521,"HOOLEY, Darlene",hooley,darlene,,female
522,"HORN, John Stephen (Steve)",horn,john,,male
523,"HORN, Kendra",horn,kendra,,female
524,"HORSFORD, Steven",horsford,steven,black,male
525,"HOSTETTLER, John Nathan",hostettler,john,,male
526,"HOUGHTON, Amory, Jr.",houghton,amory,,male
527,"HOULAHAN, Christina",houlahan,christina,,female
528,"HOYER, Steny Hamilton",hoyer,steny,,male
529,"HUDSON, Richard",hudson,richard,,male
530,"HUELSKAMP, Tim",huelskamp,tim,,male
531,"HUFFMAN, Jared",huffman,jared,,male
532,"HUIZENGA, Bill",huizenga,bill,,male
533,"HULSHOF, Kenny",hulshof,kenny,,male
534,"HULTGREN, Randy",hultgren,randy,,male
535,"HUNTER, Duncan Duane",hunter,duncan,,male
536,"HUNTER, Duncan Lee",hunter,duncan,,male
537,"HURD, William Ballard",hurd,william,black,male
538,"HURT, Robert",hurt,robert,,male
539,"HUTCHINSON, Asa",hutchinson,asa,,male
540,"HYDE, Henry John",hyde,henry,,male
541,"INGLIS, Robert Durden",inglis,robert,,male
542,"INSLEE, Jay Robert",inslee,jay,,male
543,"ISAKSON, Johnny",isakson,johnny,,male
544,"ISRAEL, Steve",israel,steve,,male
545,"ISSA, Darrell",issa,darrell,,male
546,"ISTOOK, Ernest James, Jr.",istook,ernest,,male
547,"JACKSON, Jesse L., Jr.",jackson,jesse,black,male
548,"JACKSON, Ronny",jackson,ronny,,male
549,"JACKSON LEE, Sheila",jackson,sheila,black,female
550,"JACOBS, Chris",jacobs,chris,,male
551,"JACOBS, Sara",jacobs,sara,,female
552,"JANKLOW, William J.",janklow,william,,male
553,"JAYAPAL, Pramila",jayapal,pramila,api,female
554,"JEFFERSON, William Jennings",jefferson,william,black,male
555,"JEFFRIES, Hakeem",jeffries,hakeem,black,male
556,"JENKINS, Evan H.",jenkins,evan,,male
557,"JENKINS, Lynn",jenkins,lynn,,female
558,"JENKINS, William Lewis",jenkins,william,,male
559,"JINDAL, Bobby",jindal,bobby,api,male
560,"JOHN, Christopher",john,christopher,,male
561,"JOHNSON, Bill",johnson,bill,,male
562,"JOHNSON, Dustin",johnson,dustin,,male
563,"JOHNSON, Eddie Bernice",johnson,eddie,black,female
564,"JOHNSON, Hank",johnson,hank,black,male
565,"JOHNSON, Mike",johnson,mike,,male
566,"JOHNSON, Nancy Lee",johnson,nancy,,female
567,"JOHNSON, Sam",johnson,sam,,male
568,"JOHNSON, Timothy V.",johnson,timothy,,male
569,"JOLLY, David W.",jolly,david,,male
570,"JONES, Brenda",jones,brenda,black,female
571,"JONES, Mondaire",jones,mondaire,black,male
572,"JONES, Stephanie Tubbs",jones,stephanie,black,female
573,"JONES, Walter Beaman, Jr.",jones,walter,,male
574,"JORDAN, Jim",jordan,jim,,male
575,"JOYCE, David",joyce,david,,male
576,"JOYCE, John",joyce,john,,male
577,"KAGEN, Steven",kagen,steven,,male
578,"KAHELE, Kaiali`i",kahele,kaiali`i,api,male
579,"KANJORSKI, Paul E.",kanjorski,paul,,male
580,"KAPTUR, Marcia Carolyn (Marcy)",kaptur,marcia,,female
581,"KASICH, John Richard",kasich,john,,male
582,"KATKO, John",katko,john,,male
583,"KEATING, William R.",keating,william,,male
584,"KELLER, Fred",keller,fred,,male
585,"KELLER, Richard (Ric)",keller,richard,,male
586,"KELLY, Mike",kelly,mike,,male
587,"KELLY, Robin L.",kelly,robin,black,female
588,"KELLY, Sue W.",kelly,sue,,female
589,"KELLY, Trent",kelly,trent,,male
590,"KENNEDY, Joseph P., III",kennedy,joseph,,male
591,"KENNEDY, Mark",kennedy,mark,,male
592,"KENNEDY, Patrick Joseph",kennedy,patrick,,male
593,"KERNS, Brian D.",kerns,brian,,male
594,"KHANNA, Ro",khanna,ro,api,male
595,"KIHUEN, Ruben J.",kihuen,ruben,hispanic,male
596,"KILDEE, Dale Edward",kildee,dale,,male
597,"KILDEE, Dan",kildee,dan,,male
598,"KILMER, Derek",kilmer,derek,,male
599,"KILPATRICK, Carolyn Cheeks",kilpatrick,carolyn,black,female
600,"KILROY, Mary Jo",kilroy,mary,,female
601,"KIM, Andy",kim,andy,api,male
602,"KIM, Young",kim,young,api,female
603,"KIND, Ron",kind,ron,,male
604,"KING, Peter T.",king,peter,,male
605,"KING, Steve",king,steve,,male
606,"KINGSTON, Jack",kingston,jack,,male
607,"KINZINGER, Adam",kinzinger,adam,,male
608,"KIRK, Mark Steven",kirk,mark,,male
609,"KIRKPATRICK, Ann",kirkpatrick,ann,,female
610,"KISSELL, Larry",kissell,larry,,male
611,"KLECZKA, Gerald Daniel",kleczka,gerald,,male
612,"KLEIN, Ron",klein,ron,,male
613,"KLINE, John",kline,john,,male
614,"KLINK, Ronald",klink,ronald,,male
615,"KNIGHT, Steve",knight,steve,,male
616,"KNOLLENBERG, Joseph",knollenberg,joseph,,male
617,"KOLBE, James Thomas",kolbe,james,,male
618,"KOSMAS, Suzanne M.",kosmas,suzanne,,female
619,"KRATOVIL, Frank M., Jr.",kratovil,frank,,male
620,"KRISHNAMOORTHI, S. Raja",krishnamoorthi,raja,api,male
621,"KUCINICH, Dennis",kucinich,dennis,,male
622,"KUHL, John R. (Randy), Jr.",kuhl,john,,male
623,"KUSTER, Ann McLane",kuster,ann,,female
624,"KUSTOFF, David",kustoff,david,,male
625,"KUYKENDALL, Steven T.",kuykendall,steven,,male
626,"LABRADOR, Raul R.",labrador,raul,hispanic,male
627,"LAFALCE, John Joseph",lafalce,john,,male
628,"LAHOOD, Darin",lahood,darin,,male
629,"LAHOOD, Ray H.",lahood,ray,,male
630,"LAMALFA, Doug",lamalfa,doug,,male
631,"LAMB, Conor",lamb,conor,,male
632,"LAMBORN, Doug",lamborn,doug,,male
633,"LAMPSON, Nicholas V.",lampson,nicholas,,male
634,"LANCE, Leonard",lance,leonard,,male
635,"LANDRY, Jeff",landry,jeff,,male
636,"LANGEVIN, James",langevin,james,,male
637,"LANKFORD, James",lankford,james,,male
638,"LANTOS, Thomas Peter",lantos,thomas,,male
639,"LARGENT, Steve",largent,steve,,male
640,"LARSEN, Richard Ray (Rick)",larsen,richard,,male
641,"LARSON, John B.",larson,john,,male
642,"LATHAM, Thomas",latham,thomas,,male
643,"LATOURETTE, Steven C.",latourette,steven,,male
644,"LATTA, Robert E.",latta,robert,,male
645,"LATURNER, Jake",laturner,jake,,male
646,"LAWRENCE, Brenda L.",lawrence,brenda,black,female
647,"LAWSON, Alfred, Jr.",lawson,alfred,black,male
648,"LAZIO, Enrico A. (Rick)",lazio,enrico,,male
649,"LEACH, James Albert Smith",leach,james,,male
650,"LEE, Barbara",lee,barbara,black,female
651,"LEE, Christopher John",lee,christopher,,male
652,"LEE, Susie",lee,susie,,female
653,"LEGER FERNANDEZ, Teresa",leger,teresa,hispanic,female
654,"LESKO, Debbie",lesko,debbie,,female
655,"LEVIN, Andy",levin,andy,,male
656,"LEVIN, Mike",levin,mike,,male
657,"LEVIN, Sander Martin",levin,sander,,male
658,"LEWIS, Charles Jeremy (Jerry)",lewis,charles,,male
659,"LEWIS, Jason Mark",lewis,jason,,male
660,"LEWIS, John R.",lewis,john,black,male
661,"LEWIS, Ron",lewis,ron,,male
662,"LIEU, Ted",lieu,ted,api,male
663,"LINDER, John Elmer",linder,john,,male
664,"LIPINSKI, Daniel",lipinski,daniel,,male
665,"LIPINSKI, William Oliver",lipinski,william,,male
666,"LIVINGSTON, Robert Linlithgow, Jr.",livingston,robert,,male
667,"LOBIONDO, Frank A.",lobiondo,frank,,male
668,"LOEBSACK, Dave",loebsack,dave,,male
669,"LOFGREN, Zoe",lofgren,zoe,,female
670,"LONG, Billy",long,billy,,male
671,"LOUDERMILK, Barry D.",loudermilk,barry,,male
672,"LOVE, Ludmya Bourdeau (Mia)",love,ludmya,black,female
673,"LOWENTHAL, Alan",lowenthal,alan,,male
674,"LOWEY, Nita M.",lowey,nita,,female
675,"LUCAS, Frank D.",lucas,frank,,male
676,"LUCAS, Ken",lucas,ken,,male
677,"LUETKEMEYER, Blaine",luetkemeyer,blaine,,male
678,"LUJAN, Ben Ray",lujan,ben,hispanic,male
679,"LUJAN GRISHAM, Michelle",lujan,michelle,hispanic,female
680,"LUMMIS, Cynthia M.",lummis,cynthia,,female
681,"LUNGREN, Daniel Edward",lungren,daniel,,male
682,"LURIA, Elaine",luria,elaine,,female
683,"LUTHER, William Paul",luther,william,,male
684,"LYNCH, Stephen F.",lynch,stephen,,male
685,"MACARTHUR, Thomas Charles",macarthur,thomas,,male
686,"MACE, Nancy",mace,nancy,,female
687,"MACK, Connie, IV",mack,connie,,male
688,"MAFFEI, Daniel B.",maffei,daniel,,male
689,"MAHONEY, Tim",mahoney,tim,,male
690,"MAJETTE, Denise L.",majette,denise,black,female
691,"MALINOWSKI, Tom",malinowski,tom,,male
692,"MALLIOTAKIS, Nicole",malliotakis,nicole,hispanic,female
693,"MALONEY, Carolyn Bosher",maloney,carolyn,,female
694,"MALONEY, James H.",maloney,james,,male
695,"MALONEY, Sean Patrick",maloney,sean,,male
696,"MANN, Tracey",mann,tracey,,male
697,"MANNING, Kathy E.",manning,kathy,,female
698,"MANZULLO, Donald A.",manzullo,donald,,male
699,"MARCHANT, Kenny",marchant,kenny,,male
700,"MARINO, Thomas A.",marino,thomas,,male
701,"MARKEY, Betsy",markey,betsy,,female
702,"MARKEY, Edward John",markey,edward,,male
703,"MARSHALL, Jim",marshall,jim,,male
704,"MARSHALL, Roger Wayne",marshall,roger,,male
705,"MARTINEZ, Matthew G.",martinez,matthew,hispanic,male
706,"MASCARA, Frank R.",mascara,frank,,male
707,"MASSA, Eric J.J.",massa,eric,,male
708,"MASSIE, Thomas",massie,thomas,,male
709,"MAST, Brian Jeffery",mast,brian,,male
710,"MATHESON, James David (Jim)",matheson,james,,male
711,"MATSUI, Doris",matsui,doris,api,female
712,"MATSUI, Robert T.",matsui,robert,api,male
713,"MCADAMS, Ben",mcadams,ben,,male
714,"MCALLISTER, Vance M.",mcallister,vance,,male
715,"MCBATH, Lucy",mcbath,lucy,black,female
716,"MCCARTHY, Carolyn",mccarthy,carolyn,,female
717,"MCCARTHY, Karen",mccarthy,karen,,female
718,"MCCARTHY, Kevin",mccarthy,kevin,,male
719,"MCCAUL, Michael T.",mccaul,michael,,male
720,"MCCLAIN, Lisa C.",mcclain,lisa,,female
721,"MCCLINTOCK, Tom",mcclintock,tom,,male
722,"MCCOLLUM, Betty",mccollum,betty,,female
723,"MCCOLLUM, Ira William, Jr. (Bill)",mccollum,ira,,male
724,"MCCOTTER, Thaddeus George",mccotter,thaddeus,,male
725,"MCCRERY, James O., III",mccrery,james,,male
726,"MCDERMOTT, James A.",mcdermott,james,,male
727,"MCEACHIN, Aston Donald",mceachin,aston,black,male
728,"MCGOVERN, James P.",mcgovern,james,,male
729,"MCHENRY, Patrick T.",mchenry,patrick,,male
730,"MCHUGH, John Michael",mchugh,john,,male
731,"MCINNIS, Scott",mcinnis,scott,,male
732,"MCINTOSH, David Martin",mcintosh,david,,male
733,"MCINTYRE, Mike",mcintyre,mike,,male
734,"MCKEON, Howard P. (Buck)",mckeon,howard,,male
735,"MCKINLEY, David",mckinley,david,,male
736,"MCKINNEY, Cynthia Ann",mckinney,cynthia,black,female
737,"MCMAHON, Michael E.",mcmahon,michael,,male
738,"MCMORRIS RODGERS, Cathy",mcmorris,cathy,,female
739,"MCNERNEY, Jerry",mcnerney,jerry,,male
740,"MCNULTY, Michael Robert",mcnulty,michael,,male
741,"MCSALLY, Martha",mcsally,martha,,female
742,"MEADOWS, Mark",meadows,mark,,male
743,"MEEHAN, Martin Thomas",meehan,martin,,male
744,"MEEHAN, Patrick",meehan,patrick,,male
745,"MEEK, Carrie P.",meek,carrie,black,female
746,"MEEK, Kendrick B.",meek,kendrick,black,male
747,"MEEKS, Gregory W.",meeks,gregory,black,male
748,"MEIJER, Peter",meijer,peter,,male
749,"MELANCON, Charles J.",melancon,charles,,male
750,"MENENDEZ, Robert",menendez,robert,hispanic,male
751,"MENG, Grace",meng,grace,api,female
752,"MESSER, Luke",messer,luke,,male
753,"METCALF, Jack",metcalf,jack,,male
754,"MEUSER, Dan",meuser,dan,,male
755,"MFUME, Kweisi",mfume,kweisi,black,male
756,"MICA, John L.",mica,john,,male
757,"MICHAUD, Michael H.",michaud,michael,,male
758,"MILLENDER-MCDONALD, Juanita",millender,juanita,black,female
759,"MILLER, Brad",miller,brad,,male
760,"MILLER, Candice S.",miller,candice,,female
761,"MILLER, Carol",miller,carol,,female
762,"MILLER, Daniel",miller,daniel,,male
763,"MILLER, Gary G.",miller,gary,,male
764,"MILLER, George",miller,george,,male
765,"MILLER, Jefferson B.",miller,jefferson,,male
766,"MILLER, Mary E.",miller,mary,,female
767,"MILLER-MEEKS, Mariannette",miller,mariannette,,female
768,"MINGE, David R.",minge,david,,male
769,"MINK, Patsy Takemoto",mink,patsy,api,female
770,"MINNICK, Walt",minnick,walt,,male
771,"MITCHELL, Harry E.",mitchell,harry,,male
772,"MITCHELL, Paul",mitchell,paul,,male
773,"MOAKLEY, John Joseph",moakley,john,,male
774,"MOLLOHAN, Alan Bowlby",mollohan,alan,,male
775,"MOOLENAAR, John",moolenaar,john,,male
776,"MOONEY, Alex X.",mooney,alex,hispanic,male
777,"MOORE, Barry",moore,barry,,male
778,"MOORE, Blake D.",moore,blake,,male
779,"MOORE, Dennis",moore,dennis,,male
780,"MOORE, Gwendolynne S. (Gwen)",moore,gwendolynne,black,female
781,"MORAN, James P.",moran,james,,male
782,"MORAN, Jerry",moran,jerry,,male
783,"MORELLA, Constance A.",morella,constance,,female
784,"MORELLE, Joseph",morelle,joseph,,male
785,"MOULTON, Seth",moulton,seth,,male
786,"MRVAN, Frank J.",mrvan,frank,,male
787,"MUCARSEL-POWELL, Debbie",mucarsel,debbie,hispanic,female
788,"MULLIN, Markwayne",mullin,markwayne,,male
789,"MULVANEY, Mick",mulvaney,mick,,male
790,"MURPHY, Christopher",murphy,christopher,,male
791,"MURPHY, Gregory Francis",murphy,gregory,,male
792,"MURPHY, Patrick",murphy,patrick,,male
793,"MURPHY, Patrick",murphy,patrick,,male
794,"MURPHY, Scott",murphy,scott,,male
795,"MURPHY, Stephanie",murphy,stephanie,api,female
796,"MURPHY, Timothy",murphy,timothy,,male
797,"MURTHA, John Patrick, Jr.",murtha,john,,male
798,"MUSGRAVE, Marilyn N",musgrave,marilyn,,female
799,"MYRICK, Sue",myrick,sue,,female
800,"NADLER, Jerrold Lewis",nadler,jerrold,,male
801,"NAPOLITANO, Grace Flores",napolitano,grace,hispanic,female
802,"NEAL, Richard Edmund",neal,richard,,male
803,"NEGRETE MCLEOD, Gloria",negrete,gloria,hispanic,female
804,"NEGUSE, Joseph",neguse,joseph,black,male
805,"NEHLS, Troy E.",nehls,troy,,male
806,"NETHERCUTT, George R., Jr.",nethercutt,george,,male
807,"NEUGEBAUER, Randy",neugebauer,randy,,male
808,"NEWHOUSE, Daniel Milton",newhouse,daniel,,male
809,"NEWMAN, Marie",newman,marie,,female
810,"NEY, Robert William",ney,robert,,male
811,"NOEM, Kristi",noem,kristi,,female
812,"NOLAN, Richard Michael",nolan,richard,,male
813,"NORCROSS, Donald",norcross,donald,,male
814,"NORMAN, Ralph",norman,ralph,,male
815,"NORTHUP, Anne Meagher",northup,anne,,female
816,"NORTON, Eleanor Holmes",norton,eleanor,black,female
817,"NORWOOD, Charles W., Jr.",norwood,charles,,male
818,"NUGENT, Richard",nugent,richard,,male
819,"NUNES, Devin",nunes,devin,hispanic,male
820,"NUNNELEE, Alan",nunnelee,alan,,male
821,"NUSSLE, James Allen",nussle,james,,male
822,"NYE, Glenn C., III",nye,glenn,,male
823,"OBERNOLTE, Jay",obernolte,jay,,male
824,"OBERSTAR, James Louis",oberstar,james,,male
825,"OBEY, David Ross",obey,david,,male
826,"OCASIO-CORTEZ, Alexandria",ocasio,alexandria,hispanic,female
827,"O'HALLERAN, Thomas C.",o'halleran,thomas,,male
828,"OLSON, Pete",olson,pete,,male
829,"OLVER, John Walter",olver,john,,male
830,"OMAR, Ilhan",omar,ilhan,black,female
831,"O'ROURKE, Beto",o'rourke,beto,,male
832,"ORTIZ, Solomon P.",ortiz,solomon,hispanic,male
833,"OSBORNE, Thomas",osborne,thomas,,male
834,"OSE, Doug",ose,doug,,male
835,"OTTER, C. L. (Butch)",otter,butch,,male
836,"OWENS, Burgess",owens,burgess,black,male
837,"OWENS, Major Robert Odell",owens,major,black,male
838,"OWENS, William",owens,william,,male
839,"OXLEY, Michael Garver",oxley,michael,,male
840,"PACKARD, Ronald C.",packard,ronald,,male
841,"PALAZZO, Steven",palazzo,steven,,male
842,"PALLONE, Frank, Jr.",pallone,frank,,male
843,"PALMER, Gary James",palmer,gary,,male
844,"PANETTA, James Varni",panetta,james,,male
845,"PAPPAS, Chris",pappas,chris,,male
846,"PASCRELL, William J., Jr.",pascrell,william,,male
847,"PASTOR, Ed",pastor,ed,hispanic,male
848,"PAUL, Ronald Ernest",paul,ronald,,male
849,"PAULSEN, Erik",paulsen,erik,,male
850,"PAYNE, Donald Milford",payne,donald,black,male
851,"PAYNE, Donald, Jr.",payne,donald,black,male
852,"PEARCE, Stevan",pearce,stevan,,male
853,"PEASE, Edward Allan",pease,edward,,male
854,"PELOSI, Nancy",pelosi,nancy,,female
855,"PENCE, Gregory",pence,gregory,,male
856,"PENCE, Mike",pence,mike,,male
857,"PERLMUTTER, Ed",perlmutter,ed,,male
858,"PERRIELLO, Tom",perriello,tom,,male
859,"PERRY, Scott",perry,scott,,male
860,"PETERS, Gary C.",peters,gary,,male
861,"PETERS, Scott",peters,scott,,male
862,"PETERSON, Collin Clark",peterson,collin,,male
863,"PETERSON, John",peterson,john,,male
864,"PETRI, Thomas Evert",petri,thomas,,male
865,"PFLUGER, August",pfluger,august,,male
866,"PHELPS, David Dwain",phelps,david,,male
867,"PHILLIPS, Dean",phillips,dean,,male
868,"PICKERING, Charles W. (Chip), Jr.",pickering,charles,,male
869,"PICKETT, Owen Bradford",pickett,owen,,male
870,"PIERLUISI, Pedro",pierluisi,pedro,hispanic,male
871,"PINGREE, Chellie",pingree,chellie,,female
872,"PITTENGER, Robert",pittenger,robert,,male
873,"PITTS, Joseph R.",pitts,joseph,,male
874,"PLASKETT, Stacey E.",plaskett,stacey,black,female
875,"PLATTS, Todd",platts,todd,,male
876,"POCAN, Mark",pocan,mark,,male
877,"POE, Ted",poe,ted,,male
878,"POLIQUIN, Bruce Lee",poliquin,bruce,,male
879,"POLIS, Jared",polis,jared,,male
880,"POMBO, Richard William",pombo,richard,,male
881,"POMEROY, Earl Ralph, III",pomeroy,earl,,male
882,"POMPEO, Mike",pompeo,mike,,male
883,"PORTER, John Edward",porter,john,,male
884,"PORTER, Jon C.",porter,jon,,male
885,"PORTER, Katie",porter,katie,,female
886,"PORTMAN, Robert Jones (Rob)",portman,robert,,male
887,"POSEY, Bill",posey,bill,,male
888,"PRESSLEY, Ayanna",pressley,ayanna,black,female
889,"PRICE, David Eugene",price,david,,male
890,"PRICE, Tom",price,tom,,male
891,"PRYCE, Deborah D.",pryce,deborah,,female
892,"PUTNAM, Adam",putnam,adam,,male
893,"QUAYLE, Ben",quayle,ben,,male
894,"QUIGLEY, Mike",quigley,mike,,male
895,"QUINN, John Francis (Jack)",quinn,john,,male
896,"RADANOVICH, George P.",radanovich,george,,male
897,"RADEL, Trey",radel,trey,,male
898,"RADEWAGEN, Aumua Amata Coleman",radewagen,aumua,api,female
899,"RAHALL, Nick Joe, II",rahall,nick,,male
900,"RAMSTAD, James (Jim)",ramstad,james,,male
901,"RANGEL, Charles B.",rangel,charles,black,male
902,"RASKIN, Jamie Ben",raskin,jamie,,male
903,"RATCLIFFE, John",ratcliffe,john,,male
904,"REED, Thomas W., II",reed,thomas,,male
905,"REGULA, Ralph Straus",regula,ralph,,male
906,"REHBERG, Denny",rehberg,denny,,male
907,"REICHERT, David G.",reichert,david,,male
908,"RENACCI, Jim",renacci,jim,,male
909,"RENZI, Rick",renzi,rick,,male
910,"RESCHENTHALER, Guy",reschenthaler,guy,,male
911,"REYES, Silvestre",reyes,silvestre,hispanic,male
912,"REYNOLDS, Thomas M.",reynolds,thomas,,male
913,"RIBBLE, Reid",ribble,reid,,male
914,"RICE, Kathleen Maura",rice,kathleen,,female
915,"RICE, Tom",rice,tom,,male
916,"RICHARDSON, Laura",richardson,laura,black,female
917,"RICHMOND, Cedric",richmond,cedric,black,male
918,"RIGELL, E. Scott",rigell,scott,,male
919,"RIGGLEMAN, Denver",riggleman,denver,,male
920,"RILEY, Robert",riley,robert,,male
921,"RIVERA, David",rivera,david,hispanic,male
922,"RIVERS, Lynn Nancy",rivers,lynn,,female
923,"ROBY, Martha",roby,martha,,female
924,"RODRIGUEZ, Ciro D.",rodriguez,ciro,hispanic,male
925,"ROE, David P. (Phil)",roe,david,,male
926,"ROEMER, Timothy John",roemer,timothy,,male
927,"ROGAN, James E.",rogan,james,,male
928,"ROGERS, Harold Dallas (Hal)",rogers,harold,,male
929,"ROGERS, Michael Dennis",rogers,michael,,male
930,"ROGERS, Mike",rogers,mike,,male
931,"ROHRABACHER, Dana",rohrabacher,dana,,male
932,"ROKITA, Todd",rokita,todd,,male
933,"ROMERO-BARCELO, Carlos A.",romerobarcelo,carlos,hispanic,male
934,"ROONEY, Francis",rooney,francis,,male
935,"ROONEY, Thomas J.",rooney,thomas,,male
936,"ROSE, John",rose,john,,male
937,"ROSE, Max",rose,max,,male
938,"ROSEN, Jacklyn Sheryl",rosen,jacklyn,,female
939,"ROSENDALE, Matthew M., Sr.",rosendale,matthew,,male
940,"ROSKAM, Peter",roskam,peter,,male
941,"ROS-LEHTINEN, Ileana",ros,ileana,hispanic,female
942,"ROSS, Deborah K.",ross,deborah,,female
943,"ROSS, Dennis",ross,dennis,,male
944,"ROSS, Michael Avery",ross,michael,,male
945,"ROTHFUS, Keith",rothfus,keith,,male
946,"ROTHMAN, Steven",rothman,steven,,male
947,"ROUDA, Harley",rouda,harley,,male
948,"ROUKEMA, Margaret Scafati",roukema,margaret,,female
949,"ROUZER, David",rouzer,david,,male
950,"ROY, Charles",roy,charles,,male
951,"ROYBAL-ALLARD, Lucille",roybal,lucille,hispanic,female
952,"ROYCE, Edward Randall",royce,edward,,male
953,"RUIZ, Raul",ruiz,raul,hispanic,male
954,"RUNYAN, Jon",runyan,jon,,male
955,"RUPPERSBERGER, C. A. Dutch",ruppersberger,dutch,,male
956,"RUSH, Bobby L.",rush,bobby,black,male
957,"RUSSELL, Steve",russell,steve,,male
958,"RUTHERFORD, John Henry",rutherford,john,,male
959,"RYAN, Paul D.",ryan,paul,,male
960,"RYAN, Timothy J.",ryan,timothy,,male
961,"RYUN, Jim",ryun,jim,,male
962,"SABLAN, Gregorio Kilili Camacho",sablan,gregorio,,male
963,"SABO, Martin Olav",sabo,martin,,male
964,"SALAZAR, John",salazar,john,hispanic,male
965,"SALI, William",sali,william,,male
966,"SALMON, Matthew James",salmon,matthew,,male
967,"SAN NICOLAS, Michael",san nicolas,michael,,male
968,"SANCHEZ, Loretta",sanchez,loretta,hispanic,female
969,"SANCHEZ, Linda T.",sanchez,linda,hispanic,female
970,"SANDERS, Bernard",sanders,bernard,,male
971,"SANDLIN, Max A.",sandlin,max,,male
972,"SANFORD, Mark",sanford,mark,,male
973,"SARBANES, John",sarbanes,john,,male
974,"SAWYER, Thomas Charles",sawyer,thomas,,male
975,"SAXTON, Hugh James",saxton,hugh,,male
976,"SCALISE, Steve",scalise,steve,,male
977,"SCANLON, Mary Gay",scanlon,mary,,female
978,"SCARBOROUGH, Charles Joseph",scarborough,charles,,male
979,"SCHAFFER, Robert W.",schaffer,robert,,male
980,"SCHAKOWSKY, Janice D.",schakowsky,janice,,female
981,"SCHAUER, Mark H.",schauer,mark,,male
982,"SCHIFF, Adam",schiff,adam,,male
983,"SCHILLING, Bobby",schilling,bobby,,male
984,"SCHMIDT, Jean",schmidt,jean,,female
985,"SCHNEIDER, Brad",schneider,brad,,male
986,"SCHOCK, Aaron",schock,aaron,,male
987,"SCHRADER, Kurt",schrader,kurt,,male
988,"SCHRIER, Kim",schrier,kim,,female
989,"SCHROCK, Edward",schrock,edward,,male
990,"SCHWARTZ, Allyson Y.",schwartz,allyson,,female
991,"SCHWARZ, John J. H. (Joe)",schwarz,john,,male
992,"SCHWEIKERT, David",schweikert,david,,male
993,"SCOTT, Austin",scott,austin,,male
994,"SCOTT, David",scott,david,black,male
995,"SCOTT, Robert C.",scott,robert,,male
996,"SCOTT, Tim",scott,tim,black,male
997,"SEKULA GIBBS, Shelley",sekula,shelley,,female
998,"SENSENBRENNER, Frank James, Jr.",sensenbrenner,frank,,male
999,"SERRANO, Jose E.",serrano,jose,hispanic,male
1000,"SESSIONS, Pete",sessions,pete,,male
1001,"SESTAK, Joe",sestak,joe,,male
1002,"SEWELL, Terri",sewell,terri,black,female
1003,"SHADEGG, John B.",shadegg,john,,male
1004,"SHALALA, Donna",shalala,donna,,female
1005,"SHAW, Eugene Clay, Jr.",shaw,eugene,,male
1006,"SHAYS, Christopher H.",shays,christopher,,male
1007,"SHEA-PORTER, Carol",shea,carol,,female
1008,"SHERMAN, Brad",sherman,brad,,male
1009,"SHERRILL, Mikie",sherrill,mikie,,female
1010,"SHERWOOD, Don",sherwood,don,,male
1011,"SHIMKUS, John M.",shimkus,john,,male
1012,"SHOWS, Clifford Ronald",shows,clifford,,male
1013,"SHULER, Heath",shuler,heath,,male
1014,"SHUSTER, E. G. (Bud)",shuster,bud,,male
1015,"SHUSTER, William (Bill)",shuster,william,,male
1016,"SIMMONS, Robert (Rob)",simmons,robert,,male
1017,"SIMPSON, Michael K.",simpson,michael,,male
1018,"SINEMA, Kyrsten",sinema,kyrsten,,female
1019,"SIRES, Albio",sires,albio,hispanic,male
1020,"SISISKY, Norman",sisisky,norman,,male
1021,"SKEEN, Joseph Richard",skeen,joseph,,male
1022,"SKELTON, Isaac Newton, IV (Ike)",skelton,isaac,,male
1023,"SLAUGHTER, Louise McIntosh",slaughter,louise,,female
1024,"SLOTKIN, Elissa",slotkin,elissa,,female
1025,"SMITH, Adam",smith,adam,,male
1026,"SMITH, Adrian",smith,adrian,,male
1027,"SMITH, Christopher Henry",smith,christopher,,male
1028,"SMITH, Jason",smith,jason,,male
1029,"SMITH, Lamar Seeligson",smith,lamar,,male
1030,"SMITH, Nick H.",smith,nick,,male
1031,"SMUCKER, Lloyd K.",smucker,lloyd,,male
1032,"SNYDER, Victor F.",snyder,victor,,male
1033,"SODREL, Michael E.",sodrel,michael,,male
1034,"SOLIS, Hilda L.",solis,hilda,hispanic,female
1035,"SOTO, Darren Michael",soto,darren,hispanic,male
1036,"SOUDER, Mark Edward",souder,mark,,male
1037,"SOUTHERLAND, Steve",southerland,steve,,male
1038,"SPACE, Zack",space,zack,,male
1039,"SPANBERGER, Abigail",spanberger,abigail,,female
1040,"SPANO, Ross",spano,ross,,male
1041,"SPARTZ, Victoria",spartz,victoria,,female
1042,"SPEIER, Karen Lorraine Jacqueline (Jackie)",speier,karen,,female
1043,"SPENCE, Floyd Davidson",spence,floyd,,male
1044,"SPRATT, John McKee, Jr.",spratt,john,,male
1045,"STABENOW, Deborah Ann",stabenow,deborah,,female
1046,"STANTON, Greg",stanton,greg,,male
1047,"STARK, Fortney Hillman (Pete)",stark,fortney,,male
1048,"STAUBER, Peter",stauber,peter,,male
1049,"STEARNS, Clifford Bundy",stearns,clifford,,male
1050,"STEEL, Michelle",steel,michelle,api,female
1051,"STEFANIK, Elise M.",stefanik,elise,,female
1052,"STEIL, Bryan",steil,bryan,,male
1053,"STENHOLM, Charles Walter",stenholm,charles,,male
1054,"STEUBE, William",steube,william,,male
1055,"STEVENS, Haley",stevens,haley,,female
1056,"STEWART, Chris",stewart,chris,,male
1057,"STIVERS, Steve",stivers,steve,,male
1058,"STOCKMAN, Steve",stockman,steve,,male
1059,"STRICKLAND, Marilyn",strickland,marilyn,,female
1060,"STRICKLAND, Ted",strickland,ted,,male
1061,"STUMP, Robert Lee",stump,robert,,male
1062,"STUPAK, Bart T.",stupak,bart,,male
1063,"STUTZMAN, Marlin",stutzman,marlin,,male
1064,"SULLIVAN, John",sullivan,john,,male
1065,"SUNUNU, John E.",sununu,john,,male
1066,"SUOZZI, Thomas",suozzi,thomas,,male
1067,"SUTTON, Betty",sutton,betty,,female
1068,"SWALWELL, Eric",swalwell,eric,,male
1069,"SWEENEY, John E.",sweeney,john,,male
1070,"TAKAI, Mark",takai,mark,api,male
1071,"TAKANO, Mark",takano,mark,api,male
1072,"TALENT, James Matthes",talent,james,,male
1073,"TANCREDO, Thomas G.",tancredo,thomas,,male
1074,"TANNER, John S.",tanner,john,,male
1075,"TAUSCHER, Ellen O'Kane",tauscher,ellen,,female
1076,"TAUZIN, Wilbert Joseph (Billy)",tauzin,wilbert,,male
1077,"TAYLOR, Charles Hart",taylor,charles,,male
1078,"TAYLOR, Gary Eugene (Gene)",taylor,gary,,male
1079,"TAYLOR, Scott William",taylor,scott,,male
1080,"TAYLOR, Van",taylor,van,,male
1081,"TEAGUE, Harry",teague,harry,,male
1082,"TENNEY, Claudia",tenney,claudia,,female
1083,"TERRY, Lee Raymond",terry,lee,,male
1084,"THOMAS, William Marshall",thomas,william,,male
1085,"THOMPSON, Bennie",thompson,bennie,black,male
1086,"THOMPSON, Glenn",thompson,glenn,,male
1087,"THOMPSON, Michael",thompson,michael,,male
1088,"THORNBERRY, William McClellan (Mac)",thornberry,william,,male
1089,"THUNE, John",thune,john,,male
1090,"THURMAN, Karen L.",thurman,karen,,female
1091,"TIAHRT, Todd",tiahrt,todd,,male
1092,"TIBERI, Patrick (Pat)",tiberi,patrick,,male
1093,"TIERNEY, John F.",tierney,john,,male
1094,"TIFFANY, Thomas P.",tiffany,thomas,,male
1095,"TIMMONS, William",timmons,william,,male
1096,"TIPTON, Scott",tipton,scott,,male
1097,"TITUS, Alice (Dina)",titus,alice,,female
1098,"TLAIB, Rashida",tlaib,rashida,,female
1099,"TONKO, Paul",tonko,paul,,male
1100,"TOOMEY, Patrick Joseph",toomey,patrick,,male
1101,"TORRES, Norma Judith",torres,norma,hispanic,female
1102,"TORRES, Ritchie",torres,ritchie,,male
1103,"TORRES SMALL, Xochitl",torres,xochitl,hispanic,female
1104,"TOWNS, Edolphus",towns,edolphus,black,male
1105,"TRAFICANT, James A., Jr.",traficant,james,,male
1106,"TRAHAN, Lori",trahan,lori,hispanic,female
1107,"TRONE, David",trone,david,,male
1108,"TROTT, David A.",trott,david,,male
1109,"TSONGAS, Nicola S. (Niki)",tsongas,nicola,,female
1110,"TURNER, Jim",turner,jim,,male
1111,"TURNER, Michael R.",turner,michael,,male
1112,"TURNER, Robert L.",turner,robert,,male
1113,"UDALL, Mark",udall,mark,,male
1114,"UDALL, Thomas (Tom)",udall,thomas,,male
1115,"UNDERWOOD, Lauren",underwood,lauren,black,female
1116,"UNDERWOOD, Robert A.",underwood,robert,,male
1117,"UPTON, Frederick Stephen",upton,frederick,,male
1118,"VALADAO, David G.",valadao,david,hispanic,male
1119,"VAN DREW, Jefferson",van drew,jefferson,,male
1120,"VAN DUYNE, Beth",van,beth,,female
1121,"VAN HOLLEN, Christopher",van hollen,christopher,,male
1122,"VARGAS, Juan",vargas,juan,hispanic,male
1123,"VEASEY, Marc",veasey,marc,black,male
1124,"VELA, Filemon",vela,filemon,hispanic,male
1125,"VELAZQUEZ, Nydia M.",velazquez,nydia,hispanic,female
1126,"VENTO, Bruce Frank",vento,bruce,,male
1127,"VISCLOSKY, Peter",visclosky,peter,,male
1128,"VITTER, David",vitter,david,,male
1129,"WAGNER, Ann",wagner,ann,,female
1130,"WALBERG, Tim",walberg,tim,,male
1131,"WALDEN, Greg",walden,greg,,male
1132,"WALKER, Bradley Mark",walker,bradley,,male
1133,"WALORSKI, Jackie",walorski,jackie,,female
1134,"WALSH, James T.",walsh,james,,male
1135,"WALSH, Joe",walsh,joe,,male
1136,"WALTERS, Mimi",walters,mimi,,female
1137,"WALTZ, Michael",waltz,michael,,male
1138,"WALZ, Tim",walz,tim,,male
1139,"WAMP, Zachary Paul",wamp,zachary,,male
1140,"WASSERMAN SCHULTZ, Debbie",wasserman,debbie,,female
1141,"WATERS, Maxine",waters,maxine,black,female
1142,"WATKINS, Steve",watkins,steve,,male
1143,"WATKINS, Wesley Wade",watkins,wesley,,male
1144,"WATSON, Diane Edith",watson,diane,black,female
1145,"WATSON COLEMAN, Bonnie",watson,bonnie,black,female
1146,"WATT, Melvin L.",watt,melvin,black,male
1147,"WATTS, Julius Caesar, Jr. (J. C.)",watts,julius,black,male
1148,"WAXMAN, Henry Arnold",waxman,henry,,male
1149,"WEBER, Randy",weber,randy,,male
1150,"WEBSTER, Daniel A.",webster,daniel,,male
1151,"WEINER, Anthony D.",weiner,anthony,,male
1152,"WELCH, Peter",welch,peter,,male
1153,"WELDON, David Joseph",weldon,david,,male
1154,"WELDON, Wayne Curtis (Curt)",weldon,wayne,,male
1155,"WELLER, Gerald C. (Jerry)",weller,gerald,,male
1156,"WENSTRUP, Brad",wenstrup,brad,,male
1157,"WEST, Allen",west,allen,black,male
1158,"WESTERMAN, Bruce Eugene",westerman,bruce,,male
1159,"WESTMORELAND, Lynn A.",westmoreland,lynn,,male
1160,"WEXLER, Robert",wexler,robert,,male
1161,"WEXTON, Jennifer",wexton,jennifer,,female
1162,"WEYGAND, Robert A.",weygand,robert,,male
1163,"WHITFIELD, Wayne Edward (Ed)",whitfield,wayne,,male
1164,"WICKER, Roger F.",wicker,roger,,male
1165,"WILD, Susan",wild,susan,,female
1166,"WILLIAMS, Nikema",williams,nikema,black,female
1167,"WILLIAMS, Roger",williams,roger,,male
1168,"WILSON, Addison Graves (Joe)",wilson,addison,,male
1169,"WILSON, Charlie",wilson,charlie,,male
1170,"WILSON, Frederica",wilson,frederica,black,female
1171,"WILSON, Heather",wilson,heather,,female
1172,"WISE, Robert Ellsworth, Jr.",wise,robert,,male
1173,"WITTMAN, Robert J.",wittman,robert,,male
1174,"WOLF, Frank Rudolph",wolf,frank,,male
1175,"WOMACK, Steve",womack,steve,,male
1176,"WOODALL, Rob",woodall,rob,,male
1177,"WOOLSEY, Lynn C.",woolsey,lynn,,female
1178,"WRIGHT, Ron",wright,ron,,male
1179,"WU, David",wu,david,api,male
1180,"WYNN, Albert Russell",wynn,albert,black,male
1181,"YARMUTH, John",yarmuth,john,,male
1182,"YODER, Kevin",yoder,kevin,,male
1183,"YOHO, Ted",yoho,ted,,male
1184,"YOUNG, Charles William (Bill)",young,charles,,male
1185,"YOUNG, David",young,david,,male
1186,"YOUNG, Donald Edwin",young,donald,,male
1187,"YOUNG, Todd",young,todd,,male
1188,"ZELDIN, Lee M",zeldin,lee,,male
1189,"ZINKE, Ryan",zinke,ryan,,male
